tenBaiHat,diemSoiDong
Phố Ngọt Ngào,6.9
Con Đường Giữa Đêm,8.7
Ngôi Sao Mãi Mãi,7.2
Anh Ngọt Ngào,1.8
Ngôi Sao Của Em,4.4
Nhịp Tim Đầu Tiên,9.0
Ánh Trăng Chờ Đợi,2.5
Ánh Trăng Cuối Cùng,7.3
Phố Ngọt Ngào 3,6.9
Ngôi Sao Dịu Dàng,4.2
Bầu Trời Chờ Đợi,4.6
Lời Hứa Mãi Mãi,3.8
Hạ Lặng Lẽ,3.4
Giấc Mơ Trong Mơ,4.7
Khoảnh Khắc Giữa Đêm,4.4
Lời Hứa Bình Yên,6.8
Phố Mãi Mãi,7.8
Lời Hứa Giữa Đêm,6.4
Hạ Chờ Đợi,6.2
Khoảnh Khắc Vội Vã,8.2
Lời Hứa Dịu Dàng,1.0
Đêm Giữa Đêm,2.0
Biển Xa Xôi,7.2
Thu Mùa Hạ,2.4
Lời Hứa Của Em,1.9
Giấc Mơ Lặng Lẽ,4.4
Phố Bất Tận,4.9
Con Đường Ngọt Ngào,7.2
Giấc Mơ Mùa Hạ,6.5
Nhịp Tim Cuối Cùng,4.7
Tình Tháng Sáu,4.8
Phố Cuối Cùng,3.1
Mưa Trong Mơ,2.8
Nắng Ngọt Ngào,2.4
Vũ Điệu Bất Tận,6.8
Khoảnh Khắc Phiêu Lưu,2.6
Bầu Trời Mùa Hạ,4.1
Tình Rực Rỡ,2.2
Mưa Của Em,9.1
Khoảnh Khắc Dịu Dàng,3.3
Ánh Trăng Trong Mơ,4.3
Ngôi Sao Cuối Cùng,8.6
Vũ Điệu Giữa Đêm,4.5
Lời Hứa Xa Xôi,9.3
Tình Không Tên,6.6
Phố Trong Mơ,7.6
Con Đường Ngọt Ngào 3,1.7
Hạ Giữa Đêm,4.3
Em Ngọt Ngào,4.3
Vũ Điệu Vội Vã,9.0
Vũ Điệu Cuối Cùng,5.0
Thu Ngọt Ngào,5.6
Lời Hứa Mãi Mãi 3,1.7
Em Mùa Hạ,4.6
Em Cháy Hết Mình,4.0
Nắng Xa Xôi,1.4
Em Tháng Sáu,7.3
Em Trong Mơ,4.7
Ngôi Sao Phiêu Lưu,8.8
Em Mãi Mãi,6.3
Anh Bất Tận,7.3
Bầu Trời Chờ Đợi 3,6.4
Ngôi Sao Ngọt Ngào,7.3
Anh Tháng Sáu,1.7
Cơn Gió Không Tên,3.9
Lời Hứa Chờ Đợi,2.3
Đêm Tháng Sáu,4.0
Nhịp Tim Bình Yên,2.6
Biển Rực Rỡ,8.7
Nhịp Tim Dịu Dàng,1.7
Em Không Tên,6.6
Cơn Gió Bình Yên,4.2
Lời Hứa Đầu Tiên,9.1
Em Đầu Tiên,6.2
Nắng Vội Vã,2.0
Vũ Điệu Phiêu Lưu,9.2
Mưa Giữa Đêm,9.7
Vũ Điệu Chờ Đợi,9.6
Mưa Lặng Lẽ,6.6
Cơn Gió Không Tên 3,2.3
Con Đường Bất Tận,3.0
Lời Hứa Mãi Mãi 4,8.5
Lời Hứa Dịu Dàng 3,6.0
Giấc Mơ Mãi Mãi,2.3
Khoảnh Khắc Bất Tận,8.8
Thu Cháy Hết Mình,6.1
Nắng Phiêu Lưu,5.5
Phố Của Em,3.5
Bầu Trời Vội Vã,4.8
Lời Hứa Ngọt Ngào,1.8
Thu Bình Yên,2.1
Phố Trong Mơ 3,8.7
Thu Bất Tận,4.8
Tình Rực Rỡ 3,4.2
Con Đường Cuối Cùng,4.7
Nhịp Tim Cháy Hết Mình,6.0
Đêm Đầu Tiên,2.0
Biển Bất Tận,3.8
Hạ Vội Vã,2.8
Giấc Mơ Bất Tận,2.2
Cơn Gió Cuối Cùng,8.2
Thu Bất Tận 3,6.4
Lời Hứa Lặng Lẽ,4.3
Mưa Phiêu Lưu,4.8
Hạ Không Tên,7.8
Anh Rực Rỡ,3.8
Khoảnh Khắc Ngọt Ngào,6.4
Nắng Tháng Sáu,8.2
Nắng Ngọt Ngào 3,5.0
Phố Chờ Đợi,4.3
Hạ Cuối Cùng,7.1
Nắng Trong Mơ,9.6
Con Đường Phiêu Lưu,2.1
Hạ Giữa Đêm 3,8.4
Bầu Trời Của Em,2.9
Giấc Mơ Cuối Cùng,6.9
Đêm Cháy Hết Mình,7.0
Phố Bình Yên,1.9
Cơn Gió Bất Tận,5.6
Em Chờ Đợi,7.7
Phố Vội Vã,2.5
Phố Tháng Sáu,7.0
Biển Trong Mơ,5.3
Ngôi Sao Bất Tận,4.8
Giấc Mơ Phiêu Lưu,6.5
Biển Bất Tận 3,2.4
Ánh Trăng Chờ Đợi 3,2.6
Nắng Bất Tận,4.2
Biển Vội Vã,1.3
Ngôi Sao Phiêu Lưu 3,4.6
Giấc Mơ Tháng Sáu,8.2
Phố Lặng Lẽ,6.4
Ngôi Sao Mùa Hạ,4.0
Đêm Tháng Sáu 3,4.2
Khoảnh Khắc Rực Rỡ,7.4
Nắng Chờ Đợi,5.1
Thu Cuối Cùng,8.7
Nhịp Tim Bất Tận,5.1
Lời Hứa Của Em 3,5.6
Ngôi Sao Chờ Đợi,8.6
Giấc Mơ Dịu Dàng,5.4
Biển Phiêu Lưu,6.0
Bầu Trời Dịu Dàng,3.7
Thu Của Em,8.3
Thu Dịu Dàng,4.4
Hạ Chờ Đợi 3,7.6
Anh Tháng Sáu 3,2.4
Nắng Dịu Dàng,3.5
Hạ Vội Vã 3,4.6
Ánh Trăng Bình Yên,8.5
Phố Ngọt Ngào 4,4.2
Biển Mãi Mãi,6.6
Anh Chờ Đợi,6.2
Lời Hứa Cháy Hết Mình,6.2
Bầu Trời Dịu Dàng 3,5.5
Thu Lặng Lẽ,8.6
Phố Không Tên,5.5
Thu Bình Yên 3,5.6
Anh Đầu Tiên,2.9
Phố Ngọt Ngào 5,2.6
Ánh Trăng Dịu Dàng,1.8
Nhịp Tim Bình Yên 3,9.3
Đêm Đầu Tiên 3,8.6
Giấc Mơ Mãi Mãi 3,2.2
Hạ Phiêu Lưu,6.4
Hạ Của Em,4.5
Con Đường Mãi Mãi,6.3
Lời Hứa Ngọt Ngào 3,6.5
Nhịp Tim Phiêu Lưu,3.7
Hạ Rực Rỡ,8.4
Bầu Trời Chờ Đợi 4,5.8
Lời Hứa Phiêu Lưu,6.6
Giấc Mơ Giữa Đêm,6.4
Ánh Trăng Vội Vã,2.5
Thu Chờ Đợi,2.6
Khoảnh Khắc Mùa Hạ,3.7
Mưa Bất Tận,6.5
Em Không Tên 3,7.2
Nhịp Tim Cháy Hết Mình 3,6.8
Nắng Rực Rỡ,2.3
Thu Bất Tận 4,9.4
Em Bất Tận,6.2
Hạ Tháng Sáu,8.6
Phố Xa Xôi,4.1
Hạ Không Tên 3,9.3
Bầu Trời Ngọt Ngào,1.1
Lời Hứa Xa Xôi 3,1.8
Cơn Gió Cuối Cùng 3,1.9
Nắng Tháng Sáu 3,4.8
Bầu Trời Rực Rỡ,2.5
Mưa Đầu Tiên,3.0
Cơn Gió Đầu Tiên,5.6
Đêm Giữa Đêm 3,2.6
Khoảnh Khắc Đầu Tiên,6.4
Nắng Phiêu Lưu 3,1.8
Tình Xa Xôi,7.0
Nhịp Tim Đầu Tiên 3,1.7
Khoảnh Khắc Ngọt Ngào 3,3.2
Mưa Ngọt Ngào,8.4
Anh Bất Tận 3,3.5
Cơn Gió Đầu Tiên 3,6.2
Tình Bình Yên,6.8
Bầu Trời Bất Tận,6.8
Thu Trong Mơ,3.1
Bầu Trời Vội Vã 3,6.5
Mưa Vội Vã,1.4
Khoảnh Khắc Xa Xôi,6.1
Phố Tháng Sáu 3,8.1
Lời Hứa Chờ Đợi 3,8.0
Ánh Trăng Không Tên,2.4
Anh Của Em,4.0
Anh Bất Tận 4,3.2
Phố Bất Tận 3,2.6
Cơn Gió Mãi Mãi,6.5
Phố Rực Rỡ,6.8
Nắng Trong Mơ 3,4.5
Tình Cuối Cùng,8.9
Giấc Mơ Chờ Đợi,6.6
Giấc Mơ Mãi Mãi 4,2.9
Lời Hứa Cuối Cùng,6.9
Lời Hứa Cháy Hết Mình 3,8.8
Con Đường Của Em,2.4
Con Đường Trong Mơ,5.7
Con Đường Cháy Hết Mình,6.5
Cơn Gió Không Tên 4,6.4
Cơn Gió Chờ Đợi,2.3
Em Trong Mơ 3,5.7
Con Đường Xa Xôi,7.7
Em Vội Vã,6.7
Mưa Vội Vã 3,5.8
Biển Mãi Mãi 3,3.4
Phố Vội Vã 3,6.4
Phố Rực Rỡ 3,8.6
Nhịp Tim Giữa Đêm,8.2
Phố Dịu Dàng,2.3
Giấc Mơ Mãi Mãi 5,1.8
Khoảnh Khắc Của Em,7.0
Cơn Gió Phiêu Lưu,1.8
Lời Hứa Không Tên,6.6
Khoảnh Khắc Xa Xôi 3,9.1
Em Dịu Dàng,5.9
Lời Hứa Dịu Dàng 4,3.8
Tình Vội Vã,4.1
Ánh Trăng Không Tên 3,6.1
Nắng Giữa Đêm,2.6
Cơn Gió Trong Mơ,3.7
Ngôi Sao Mãi Mãi 3,1.9
Giấc Mơ Ngọt Ngào,6.6
Anh Dịu Dàng,8.1
Nhịp Tim Lặng Lẽ,3.8
Nhịp Tim Xa Xôi,4.1
Bầu Trời Mùa Hạ 3,3.1
Ánh Trăng Giữa Đêm,1.4
Vũ Điệu Vội Vã 3,2.0
Bầu Trời Xa Xôi,4.5
Khoảnh Khắc Dịu Dàng 3,4.3
Con Đường Bất Tận 3,1.2
Thu Tháng Sáu,6.3
Anh Mùa Hạ,7.1
Đêm Ngọt Ngào,4.7
Bầu Trời Bình Yên,2.2
Em Cháy Hết Mình 3,6.0
Bầu Trời Tháng Sáu,2.5
Vũ Điệu Trong Mơ,1.9
Giấc Mơ Tháng Sáu 3,1.6
Hạ Bất Tận,1.8
Nắng Mãi Mãi,9.3
Ngôi Sao Cháy Hết Mình,4.5
Anh Cuối Cùng,5.1
Em Tháng Sáu 3,8.4
Em Rực Rỡ,7.2
Hạ Dịu Dàng,1.9
Anh Xa Xôi,4.3
Ngôi Sao Rực Rỡ,9.8
Em Mãi Mãi 3,4.9
Tình Ngọt Ngào,6.3
Bầu Trời Của Em 3,2.2
Đêm Bất Tận,6.8
Hạ Vội Vã 4,7.4
Nhịp Tim Chờ Đợi,6.3
Tình Không Tên 3,5.5
Nắng Bình Yên,4.2
Mưa Không Tên,2.2
Giấc Mơ Cháy Hết Mình,4.5
Tình Cuối Cùng 3,7.5
Ánh Trăng Bình Yên 3,2.4
Biển Tháng Sáu,4.9
Tình Bất Tận,3.7
Tình Phiêu Lưu,7.2
Biển Ngọt Ngào,9.6
Vũ Điệu Dịu Dàng,2.6
Nắng Xa Xôi 3,2.3
Biển Vội Vã 3,6.7
Lời Hứa Bình Yên 3,7.8
Vũ Điệu Cháy Hết Mình,6.0
Nhịp Tim Mãi Mãi,8.5
Đêm Bất Tận 3,8.8
Vũ Điệu Mùa Hạ,9.0
Mưa Bình Yên,6.3
Hạ Đầu Tiên,4.6
Nắng Giữa Đêm 3,6.4
Phố Lặng Lẽ 3,2.3
Em Vội Vã 3,6.5
Vũ Điệu Chờ Đợi 3,5.9
Ánh Trăng Phiêu Lưu,6.6
Phố Của Em 3,4.9
Thu Vội Vã,3.8
Vũ Điệu Xa Xôi,4.3
Vũ Điệu Mùa Hạ 3,2.6
Giấc Mơ Dịu Dàng 3,8.1
Ngôi Sao Của Em 3,4.5
Khoảnh Khắc Phiêu Lưu 3,3.8
Ngôi Sao Mãi Mãi 4,5.1
Nhịp Tim Cuối Cùng 3,8.1
Cơn Gió Chờ Đợi 3,5.6
Nắng Cháy Hết Mình,8.5
Tình Bất Tận 3,9.0
Tình Cuối Cùng 4,4.5
Vũ Điệu Không Tên,2.3
Hạ Phiêu Lưu 3,7.6
Biển Bất Tận 4,7.9
Tình Tháng Sáu 3,2.8
Đêm Xa Xôi,6.6
Vũ Điệu Mãi Mãi,7.5
Cơn Gió Tháng Sáu,8.7
Mưa Ngọt Ngào 3,1.8
Ngôi Sao Trong Mơ,2.4
Thu Cuối Cùng 3,9.0
Ánh Trăng Rực Rỡ,2.2
Bầu Trời Cuối Cùng,2.5
Bầu Trời Xa Xôi 3,6.3
Bầu Trời Rực Rỡ 3,3.1
Anh Không Tên,7.2
Tình Vội Vã 3,2.6
Biển Chờ Đợi,8.7
Ngôi Sao Đầu Tiên,2.2
Phố Mùa Hạ,7.3
Mưa Dịu Dàng,1.9
Ngôi Sao Đầu Tiên 3,4.0
Hạ Trong Mơ,2.1
Anh Không Tên 3,5.1
Vũ Điệu Bình Yên,3.6
Ngôi Sao Trong Mơ 3,7.4
Vũ Điệu Rực Rỡ,4.0
Nhịp Tim Của Em,1.6
Em Đầu Tiên 3,9.2
Ngôi Sao Vội Vã,8.6
Vũ Điệu Mùa Hạ 4,7.9
Nắng Của Em,2.0
Lời Hứa Bình Yên 4,5.0
Ánh Trăng Bất Tận,2.9
Hạ Của Em 3,2.0
Ánh Trăng Cháy Hết Mình,2.4
Ngôi Sao Của Em 4,4.8
Khoảnh Khắc Tháng Sáu,1.8
Lời Hứa Đầu Tiên 3,2.4
Giấc Mơ Tháng Sáu 4,8.6
Nhịp Tim Bình Yên 4,4.1
Ngôi Sao Tháng Sáu,1.9
Cơn Gió Vội Vã,6.6
Ngôi Sao Cháy Hết Mình 3,4.4
Con Đường Đầu Tiên,4.1
Thu Dịu Dàng 3,4.1
Tình Xa Xôi 3,5.1
Ngôi Sao Chờ Đợi 3,6.7
Con Đường Tháng Sáu,4.9
Cơn Gió Mãi Mãi 3,5.1
Ngôi Sao Giữa Đêm,7.0
Hạ Mãi Mãi,9.7
Hạ Ngọt Ngào,1.7
Giấc Mơ Bất Tận 3,2.6
Vũ Điệu Bình Yên 3,2.0
Mưa Chờ Đợi,9.5
Đêm Mùa Hạ,9.5
Em Đầu Tiên 4,1.1
Em Bình Yên,8.1
Hạ Cuối Cùng 3,2.6
Phố Vội Vã 4,4.9
Em Vội Vã 4,4.8
Cơn Gió Ngọt Ngào,8.6
Giấc Mơ Mùa Hạ 3,2.5
Thu Rực Rỡ,4.8
Đêm Của Em,6.5
Đêm Của Em 3,2.8
Đêm Phiêu Lưu,1.0
Phố Lặng Lẽ 4,4.8
Tình Rực Rỡ 4,8.1
Nắng Của Em 3,7.2
Con Đường Cháy Hết Mình 3,6.5
Ngôi Sao Trong Mơ 4,6.0
Vũ Điệu Xa Xôi 3,6.8
Ngôi Sao Rực Rỡ 3,8.1
Bầu Trời Chờ Đợi 5,6.0
Em Vội Vã 5,5.6
Cơn Gió Cuối Cùng 4,4.4
Lời Hứa Không Tên 3,2.5
Ánh Trăng Không Tên 4,7.3
Nắng Bình Yên 3,2.1
Anh Chờ Đợi 3,9.1
Thu Vội Vã 3,6.6
Con Đường Chờ Đợi,4.3
Mưa Phiêu Lưu 3,8.9
Con Đường Tháng Sáu 3,2.8
Con Đường Xa Xôi 3,4.2
Nắng Cháy Hết Mình 3,2.1
Lời Hứa Trong Mơ,8.5
Anh Tháng Sáu 4,6.7
Hạ Ngọt Ngào 3,6.0
Phố Cháy Hết Mình,5.0
Em Đầu Tiên 5,6.3
Khoảnh Khắc Đầu Tiên 3,6.9
Thu Bất Tận 5,6.1
Lời Hứa Ngọt Ngào 4,8.8
Vũ Điệu Xa Xôi 4,4.6
Bầu Trời Bất Tận 3,4.1
Phố Bình Yên 3,7.9
Cơn Gió Bình Yên 3,8.8
Cơn Gió Dịu Dàng,5.5
Phố Chờ Đợi 3,7.2
Con Đường Mùa Hạ,1.8
Phố Bất Tận 4,6.4
Anh Ngọt Ngào 3,6.9
Vũ Điệu Cháy Hết Mình 3,2.2
Biển Dịu Dàng,6.6
Đêm Phiêu Lưu 3,2.0
Nắng Đầu Tiên,7.7
Cơn Gió Mùa Hạ,4.3
Lời Hứa Xa Xôi 4,3.1
Ánh Trăng Bình Yên 4,6.8
Cơn Gió Tháng Sáu 3,4.0
Phố Xa Xôi 3,6.1
Đêm Trong Mơ,2.1
Ánh Trăng Vội Vã 3,6.8
Biển Bất Tận 5,5.7
Ánh Trăng Trong Mơ 3,7.7
Ánh Trăng Bất Tận 3,1.6
Lời Hứa Rực Rỡ,3.2
Cơn Gió Ngọt Ngào 3,6.0
Phố Ngọt Ngào 6,7.6
Phố Ngọt Ngào 7,1.6
Anh Cuối Cùng 3,7.0
Đêm Giữa Đêm 4,1.4
Ngôi Sao Lặng Lẽ,2.4
Lời Hứa Bình Yên 5,8.4
Phố Không Tên 3,2.2
Bầu Trời Trong Mơ,4.7
Thu Trong Mơ 3,7.7
Phố Rực Rỡ 4,6.7
Mưa Bình Yên 3,6.7
Tình Chờ Đợi,6.0
Em Cháy Hết Mình 4,4.8
Bầu Trời Không Tên,6.4
Cơn Gió Mùa Hạ 3,7.1
Em Tháng Sáu 4,6.6
Thu Rực Rỡ 3,7.7
Con Đường Mùa Hạ 3,3.2
Ánh Trăng Mãi Mãi,6.4
Ngôi Sao Bình Yên,4.9
Thu Trong Mơ 4,6.4
Bầu Trời Chờ Đợi 6,3.9
Em Cuối Cùng,4.2
Vũ Điệu Giữa Đêm 3,5.7
Thu Giữa Đêm,4.5
Khoảnh Khắc Xa Xôi 4,5.9
Mưa Không Tên 3,7.3
Bầu Trời Chờ Đợi 7,3.7
Con Đường Xa Xôi 4,8.2
Nhịp Tim Bất Tận 3,6.3
Thu Cháy Hết Mình 3,5.0
Em Cháy Hết Mình 5,6.1
Con Đường Bất Tận 4,1.8
Nắng Mùa Hạ,4.9
Bầu Trời Rực Rỡ 4,9.0
Đêm Trong Mơ 3,6.4
Nhịp Tim Ngọt Ngào,5.9
Biển Chờ Đợi 3,5.6
Bầu Trời Không Tên 3,6.1
Cơn Gió Đầu Tiên 4,5.2
Đêm Mùa Hạ 3,4.8
Vũ Điệu Bình Yên 4,1.9
Khoảnh Khắc Bình Yên,4.7
Khoảnh Khắc Mãi Mãi,5.5
Nhịp Tim Rực Rỡ,5.1
Tình Mùa Hạ,8.0
Thu Không Tên,4.9
Giấc Mơ Phiêu Lưu 3,5.1
Mưa Xa Xôi,4.0
Bầu Trời Đầu Tiên,6.0
Ánh Trăng Xa Xôi,8.5
Lời Hứa Ngọt Ngào 5,7.8
Khoảnh Khắc Xa Xôi 5,5.3
Anh Của Em 3,3.0
Cơn Gió Rực Rỡ,8.0
Giấc Mơ Ngọt Ngào 3,4.2
Đêm Đầu Tiên 4,6.5
Bầu Trời Bình Yên 3,2.3
Hạ Cuối Cùng 4,8.7
Biển Lặng Lẽ,4.3
Biển Tháng Sáu 3,5.1
Ngôi Sao Tháng Sáu 3,1.0
Hạ Cháy Hết Mình,4.4
Con Đường Tháng Sáu 4,6.1
Mưa Tháng Sáu,6.7
Phố Tháng Sáu 4,4.5
Nắng Tháng Sáu 4,6.0
Đêm Không Tên,4.0
Bầu Trời Xa Xôi 4,4.9
Nắng Bình Yên 4,4.6
Nhịp Tim Bình Yên 5,1.8
Nhịp Tim Rực Rỡ 3,5.6
Đêm Cháy Hết Mình 3,8.1
Nắng Dịu Dàng 3,5.6
Tình Rực Rỡ 5,2.4
Ngôi Sao Trong Mơ 5,8.2
Con Đường Vội Vã,7.1
Thu Rực Rỡ 4,4.5
Con Đường Chờ Đợi 3,2.1
Vũ Điệu Trong Mơ 3,6.2
Lời Hứa Bất Tận,2.1
Bầu Trời Mãi Mãi,6.2
Anh Của Em 4,4.8
Khoảnh Khắc Không Tên,6.3
Bầu Trời Tháng Sáu 3,4.1
Bầu Trời Không Tên 4,3.7
Anh Rực Rỡ 3,4.4
Ngôi Sao Mãi Mãi 5,6.0
Phố Cuối Cùng 3,2.1
Con Đường Rực Rỡ,9.1
Bầu Trời Bất Tận 4,4.6
Nhịp Tim Lặng Lẽ 3,4.7
Nắng Bình Yên 5,4.6
Thu Giữa Đêm 3,2.2
Vũ Điệu Không Tên 3,4.3
Vũ Điệu Lặng Lẽ,6.4
Biển Cuối Cùng,7.1
Nhịp Tim Của Em 3,1.6
Con Đường Dịu Dàng,2.9
Cơn Gió Chờ Đợi 4,4.4
Bầu Trời Của Em 4,6.1
Tình Giữa Đêm,4.1
Mưa Giữa Đêm 3,8.3
Vũ Điệu Đầu Tiên,6.7
Ánh Trăng Rực Rỡ 3,6.1
Mưa Mùa Hạ,7.3
Lời Hứa Tháng Sáu,6.1
Thu Cuối Cùng 4,3.0
Thu Mãi Mãi,4.0
Đêm Mùa Hạ 4,3.2
Thu Vội Vã 4,4.4
Mưa Rực Rỡ,2.8
Tình Mùa Hạ 3,4.8
Ánh Trăng Tháng Sáu,5.7
Phố Cuối Cùng 4,1.8
Mưa Của Em 3,3.2
Biển Bất Tận 6,2.4
Mưa Chờ Đợi 3,4.4
Biển Đầu Tiên,9.1
Phố Cháy Hết Mình 3,3.5
Nhịp Tim Vội Vã,2.9
Hạ Đầu Tiên 3,2.3
Nhịp Tim Giữa Đêm 3,4.6
Nắng Phiêu Lưu 4,2.5
Nắng Chờ Đợi 3,4.0
Em Giữa Đêm,1.6
Con Đường Giữa Đêm 3,4.4
Khoảnh Khắc Vội Vã 3,6.0
Vũ Điệu Cuối Cùng 3,2.2
Hạ Của Em 4,6.7
Đêm Bất Tận 4,5.8
Vũ Điệu Rực Rỡ 3,3.9
Bầu Trời Lặng Lẽ,6.5
Con Đường Vội Vã 3,2.1
Nắng Giữa Đêm 4,8.8
Nắng Vội Vã 3,9.1
Giấc Mơ Xa Xôi,6.3
Bầu Trời Mùa Hạ 4,1.7
Hạ Vội Vã 5,5.5
Biển Mãi Mãi 4,6.0
Mưa Rực Rỡ 3,6.9
Lời Hứa Tháng Sáu 3,2.2
Anh Mãi Mãi,8.1
Hạ Mùa Hạ,8.4
Vũ Điệu Bình Yên 5,2.2
Biển Đầu Tiên 3,4.7
Ngôi Sao Cuối Cùng 3,1.9
Vũ Điệu Giữa Đêm 4,8.5
Giấc Mơ Đầu Tiên,7.7
Mưa Dịu Dàng 3,8.0
Lời Hứa Lặng Lẽ 3,7.7
Em Lặng Lẽ,5.2
Hạ Bất Tận 3,6.4
Phố Vội Vã 5,6.7
Cơn Gió Chờ Đợi 5,8.4
Đêm Rực Rỡ,6.1
Ánh Trăng Bình Yên 5,4.4
Phố Xa Xôi 4,4.4
Đêm Giữa Đêm 5,2.2
Cơn Gió Của Em,5.4
Khoảnh Khắc Chờ Đợi,6.5
Anh Bất Tận 5,3.9
